payment_id,amount,date,status,merchant_ref,merchant_category
pay_yK17kA53Iq,200.09,2026-07-21,SUCCESS,REF1000,retail
pay_Eg83Bm10Tq,765.86,2026-07-22,SUCCESS,REF1001,retail
pay_Wh19XB61Kj,296.56,2026-07-03,SUCCESS,REF1002,services
pay_iy32Hs45nH,298.18,2026-07-14,SUCCESS,REF1003,food
pay_eu43Js87dv,3500.56,2026-07-23,SUCCESS,REF1004,retail
pay_xS94Ck45NR,4230.46,2026-07-03,SUCCESS,REF1005,retail
pay_oI87fT92Xv,513.02,2026-07-24,SUCCESS,REF1006,services
pay_bV68Uq49YX,44468.28,2026-07-10,SUCCESS,REF1007,food
pay_va85IG81xb,162.53,2026-07-23,SUCCESS,REF1008,food
pay_Jb61ke59kh,3501.48,2026-07-28,SUCCESS,REF1009,food
pay_FV59sy83AI,38072.81,2026-07-12,SUCCESS,REF1010,retail
pay_DO36Sv15dD,5806.72,2026-07-20,SUCCESS,REF1011,electronics
pay_rZ38CM69Ig,32277.99,2026-07-09,SUCCESS,REF1012,travel
pay_Ad08Df52nM,1503.39,2026-07-27,SUCCESS,REF1013,electronics
pay_Lc17qq22ue,32687.2,2026-07-09,SUCCESS,REF1014,travel
pay_kE72HE58fw,4560.29,2026-07-07,SUCCESS,REF1015,food
pay_ZO74jY37HH,31559.09,2026-07-09,SUCCESS,REF1016,services
pay_Ue41Ho92gO,907.14,2026-07-14,SUCCESS,REF1017,services
pay_wA51Uw55rz,14385.97,2026-07-16,SUCCESS,REF1018,food
pay_fJ71ki64gc,25390.69,2026-07-26,SUCCESS,REF1019,electronics
pay_FC14Rq95QQ,47697.23,2026-07-17,SUCCESS,REF1020,retail
pay_lf10Ym83xe,7757.15,2026-07-22,SUCCESS,REF1021,retail
pay_VK40Bq37Jb,48152.64,2026-07-10,SUCCESS,REF1022,travel
pay_cL10xI83XB,14256.43,2026-07-17,SUCCESS,REF1023,travel
pay_ei37Zs77FY,674.42,2026-07-27,SUCCESS,REF1024,services
pay_iT21Xk62zR,5772.65,2026-07-31,SUCCESS,REF1025,electronics
pay_Qw63us57wP,4266.46,2026-07-01,SUCCESS,REF1026,food
pay_il34FO71GR,13150.28,2026-07-02,SUCCESS,REF1027,electronics
pay_oC66wQ07Nt,162.22,2026-07-27,SUCCESS,REF1028,electronics
pay_hm59Pl49KF,3385.24,2026-07-31,SUCCESS,REF1029,food
pay_cU57lZ13Xm,7568.65,2026-07-30,SUCCESS,REF1030,electronics
pay_Km60EJ28Fw,684.24,2026-07-22,SUCCESS,REF1031,food
pay_Nb29QI04nu,32156.86,2026-07-08,SUCCESS,REF1032,food
pay_OG69cM57kk,163.82,2026-07-01,SUCCESS,REF1033,travel
pay_TX31Da35Kn,29416.58,2026-07-03,SUCCESS,REF1034,food
pay_ym81FF41LJ,6138.82,2026-07-24,SUCCESS,REF1035,electronics
pay_Bd51PE84vW,6930.19,2026-07-07,SUCCESS,REF1036,electronics
pay_su01OO50IX,755.44,2026-07-28,SUCCESS,REF1037,retail
pay_dH78UC41in,754.66,2026-07-13,SUCCESS,REF1038,food
pay_Om02ov84gZ,503.3,2026-07-18,SUCCESS,REF1039,retail
pay_Gd84Lc23Zc,13916.35,2026-07-15,SUCCESS,REF1040,services
pay_Fs42Zd40af,113.27,2026-07-27,SUCCESS,REF1041,food
pay_oG99jH29Kd,536.59,2026-07-14,SUCCESS,REF1042,food
pay_jr19Ej68HQ,4513.41,2026-07-13,SUCCESS,REF1043,travel
pay_El04Qw62iU,41334.46,2026-07-14,SUCCESS,REF1044,electronics
pay_EO58Hi83ca,12339.33,2026-07-05,SUCCESS,REF1045,services
pay_jW53Pe42Pc,33367.1,2026-07-02,SUCCESS,REF1046,services
pay_oE63PQ00RZ,151.13,2026-07-06,SUCCESS,REF1047,services
pay_nV24du71PP,14795.46,2026-07-03,SUCCESS,REF1048,food
pay_mI35Nw91Lm,26769.0,2026-07-19,SUCCESS,REF1049,services
pay_Uj36WO92MT,3346.63,2026-07-17,SUCCESS,REF1050,food
pay_SN44AE45Rq,7044.54,2026-07-09,SUCCESS,REF1051,retail
pay_Rb17oh08PL,512.0,2026-07-01,SUCCESS,REF1052,services
pay_oE09Xl85ad,554.79,2026-07-07,SUCCESS,REF1053,food
pay_oa38Cj97US,4943.22,2026-07-12,SUCCESS,REF1054,services
pay_Lg68pG72ou,1070.4,2026-07-26,SUCCESS,REF1055,retail
pay_iN03Iy04lp,45588.51,2026-07-31,SUCCESS,REF1056,services
pay_sf83aQ30In,344.84,2026-07-05,SUCCESS,REF1057,travel
pay_RO71Qz97aa,539.19,2026-07-17,SUCCESS,REF1058,electronics
pay_nO35TU55Yc,40844.77,2026-07-27,SUCCESS,REF1059,travel
pay_XD28Tu80Ur,766.37,2026-07-06,SUCCESS,REF1060,retail
pay_Vf20LD45GF,949.6,2026-07-03,SUCCESS,REF1061,travel
pay_QI52JW35bL,4867.65,2026-07-19,SUCCESS,REF1062,retail
pay_vW98Ex03Ru,7137.92,2026-07-29,SUCCESS,REF1063,services
pay_XC51ih43Ba,886.37,2026-07-29,SUCCESS,REF1064,food
pay_em59VD61du,10991.45,2026-07-26,SUCCESS,REF1065,travel
pay_ed15eN39MZ,936.8,2026-07-26,SUCCESS,REF1066,travel
pay_Ui58Dy01iB,1972.75,2026-07-06,SUCCESS,REF1067,food
pay_Tz11Ur14Fr,834.11,2026-07-07,SUCCESS,REF1068,food
pay_DE50Iu09Kz,693.37,2026-07-01,SUCCESS,REF1069,travel
pay_Xq28uu47WP,49245.99,2026-07-12,SUCCESS,REF1070,travel
pay_AN59ij17CI,20448.61,2026-07-31,SUCCESS,REF1071,travel
pay_Qk70Rk74Py,4910.64,2026-07-02,SUCCESS,REF1072,electronics
pay_RG08bM59AO,984.83,2026-07-20,SUCCESS,REF1073,travel
pay_CW02gu24JH,47023.01,2026-07-02,SUCCESS,REF1074,food
pay_jN35zJ85PB,46830.83,2026-07-12,SUCCESS,REF1075,travel
pay_gi09cA97eu,7477.07,2026-07-22,SUCCESS,REF1076,electronics
pay_ez95bg40Bh,3660.6,2026-07-11,SUCCESS,REF1077,electronics
pay_lS52Zv62Kj,2566.07,2026-07-22,SUCCESS,REF1078,services
pay_XL50jt00Hh,27195.53,2026-07-27,SUCCESS,REF1079,services
pay_vi03qu66la,37025.09,2026-07-21,SUCCESS,REF1080,electronics
pay_gs01VX92JC,910.16,2026-07-26,SUCCESS,REF1081,travel
pay_HC12jN20Bi,696.8,2026-07-17,SUCCESS,REF1082,travel
pay_Pv42JT28ou,2326.04,2026-07-08,SUCCESS,REF1083,services
pay_JX65XJ52eU,45445.48,2026-07-28,SUCCESS,REF1084,food
pay_jz55Oy37dZ,19759.38,2026-07-23,SUCCESS,REF1085,retail
pay_QX22ad20OE,7929.65,2026-07-29,SUCCESS,REF1086,food
pay_Qz81Ii18ms,28582.0,2026-07-06,SUCCESS,REF1087,food
pay_Ax86HK88mS,42056.66,2026-07-30,SUCCESS,REF1088,services
pay_Zj80SS43Zf,45657.04,2026-07-18,SUCCESS,REF1089,services
pay_rL62Wy19eD,45888.32,2026-07-14,SUCCESS,REF1090,electronics
pay_Zr31Vi31KW,35506.46,2026-07-15,SUCCESS,REF1091,electronics
pay_US39Pj90kA,315.08,2026-07-21,SUCCESS,REF1092,travel
pay_cC03fX07Md,387.42,2026-07-11,SUCCESS,REF1093,electronics
pay_gy55bH53Ld,2925.36,2026-07-23,SUCCESS,REF1094,services
pay_ZO61SQ50pB,26805.74,2026-07-15,SUCCESS,REF1095,retail
pay_yu23xK25Yh,6180.64,2026-07-28,SUCCESS,REF1096,travel
pay_mC32OL98qB,43429.15,2026-07-25,SUCCESS,REF1097,services
pay_jr70Oa76Yx,2984.63,2026-07-26,SUCCESS,REF1098,electronics
pay_KF52NC04qr,41925.69,2026-07-01,SUCCESS,REF1099,food
pay_oN47yW41lm,520.18,2026-07-27,SUCCESS,REF1100,electronics
pay_Hf63xe68AS,607.39,2026-07-19,SUCCESS,REF1101,electronics
pay_IW52AN90be,4411.56,2026-07-06,SUCCESS,REF1102,travel
pay_nm12lC80se,3504.03,2026-07-25,SUCCESS,REF1103,travel
pay_Os64vL69kW,1174.43,2026-07-27,SUCCESS,REF1104,food
pay_ZP17Bq54Wt,161.69,2026-07-21,SUCCESS,REF1105,food
pay_Jh71hU50uG,6591.4,2026-07-07,SUCCESS,REF1106,retail
pay_Qa87db38Cb,5184.84,2026-07-19,SUCCESS,REF1107,food
pay_DS15sX72BT,645.92,2026-07-20,SUCCESS,REF1108,travel
pay_ro52GG45dk,9359.06,2026-07-04,SUCCESS,REF1109,electronics
pay_LZ77Dl81xr,37624.58,2026-07-31,SUCCESS,REF1110,food
pay_JY38Rl96NJ,726.78,2026-07-04,SUCCESS,REF1111,services
pay_sX68ST00tm,136.92,2026-07-26,SUCCESS,REF1112,services
pay_Ch52nm55nq,406.77,2026-07-21,SUCCESS,REF1113,electronics
pay_Js23ll36JQ,425.61,2026-07-31,SUCCESS,REF1114,electronics
pay_LY50Js11gv,20803.3,2026-07-06,SUCCESS,REF1115,electronics
pay_IK09TI12mr,491.58,2026-07-15,SUCCESS,REF1116,retail
pay_Oc73jy05be,28588.34,2026-07-09,SUCCESS,REF1117,electronics
pay_Yd99OE73rn,125.8,2026-07-11,SUCCESS,REF1118,travel
pay_oj07wI79ft,3516.65,2026-07-26,SUCCESS,REF1119,services
pay_ys68Jr86gy,2719.32,2026-07-01,SUCCESS,REF1120,electronics
pay_bu91Rs92Qm,7214.79,2026-07-18,SUCCESS,REF1121,electronics
pay_Pu12fE94Ef,115.5,2026-07-26,SUCCESS,REF1122,travel
pay_er87hv82Dt,5258.87,2026-07-22,SUCCESS,REF1123,services
pay_jT02Dj74RE,416.28,2026-07-11,SUCCESS,REF1124,retail
pay_Px14BP61EV,31434.56,2026-07-24,SUCCESS,REF1125,food
pay_qN74xQ31Ax,38983.4,2026-07-07,SUCCESS,REF1126,services
pay_Pn13iQ04bk,8492.82,2026-07-10,SUCCESS,REF1127,food
pay_bS90Iz81lQ,112.72,2026-07-10,SUCCESS,REF1128,services
pay_UK94jV75fd,2136.39,2026-07-10,SUCCESS,REF1129,retail
pay_ep15Mt41Bm,3558.77,2026-07-28,SUCCESS,REF1130,food
pay_WT97vF57vd,146.19,2026-07-31,SUCCESS,REF1131,electronics
pay_zx22FK75DF,166.6,2026-07-16,SUCCESS,REF1132,services
pay_sl71yP33Yn,9944.27,2026-07-31,SUCCESS,REF1133,services
pay_JP92eb99Py,3030.96,2026-07-20,SUCCESS,REF1134,electronics
pay_Ar15WQ20uz,22215.21,2026-07-10,SUCCESS,REF1135,retail
pay_mo76UW79Ar,40509.48,2026-07-20,SUCCESS,REF1136,food
pay_lS45my53Dn,693.72,2026-07-09,SUCCESS,REF1137,food
pay_nu37ur83zx,467.26,2026-07-01,SUCCESS,REF1138,food
pay_pK21xg15Mg,28161.25,2026-07-10,SUCCESS,REF1139,food
pay_kJ64mu07iX,337.83,2026-07-30,SUCCESS,REF1140,electronics
pay_sF68nu89CP,589.56,2026-07-04,SUCCESS,REF1141,retail
pay_Nt06Ah32lI,39958.31,2026-07-02,SUCCESS,REF1142,travel
pay_ot81RL27yR,7197.41,2026-07-15,SUCCESS,REF1143,services
pay_tg20DN50Bq,1723.9,2026-07-18,SUCCESS,REF1144,travel
pay_fQ70aX74nj,48476.44,2026-07-20,SUCCESS,REF1145,services
pay_Ik43Vh79qu,42856.85,2026-07-31,SUCCESS,REF1146,retail
pay_Eb57tV74dk,5234.04,2026-07-25,SUCCESS,REF1147,food
pay_Fw90Pz28Ii,8327.39,2026-07-19,SUCCESS,REF1148,travel
pay_gv58Ar74zY,7030.53,2026-07-14,SUCCESS,REF1149,electronics
